{
  "prepare_queue": {
    "installed": [],
    "uninstalled": []
  },
  "config_munge": {
    "files": {
      "*-Info.plist": {
        "parents": {
          "NSLocationWhenInUseUsageDescription": [
            {
              "xml": "<string>Accederemos a tu ubicación para ver las Propiedades cercanos a ti.</string>",
              "count": 1,
              "mode": "merge",
              "id": "config.xml"
            }
          ],
          "NSCameraUsageDescription": [
            {
              "xml": "<string>Debes autorizar el uso de la cámara para adjuntar fotos a tu perfil </string>",
              "count": 2,
              "mode": "merge",
              "id": "config.xml"
            }
          ],
          "NSPhotoLibraryUsageDescription": [
            {
              "xml": "<string>Podrás subir una imágen de tu carrete fotográfico para tu perfil, portafolio o categoria. </string>",
              "count": 1,
              "mode": "merge",
              "id": "config.xml"
            }
          ],
          "CFBundleVersion": [
            {
              "xml": "<string>11</string>",
              "count": 3
            }
          ]
        }
      },
      "config.xml": {
        "parents": {
          "/*": [
            {
              "xml": "<feature name=\"Camera\"><param name=\"ios-package\" value=\"CDVCamera\" /></feature>",
              "count": 1
            },
            {
              "xml": "<preference name=\"CameraUsesGeolocation\" value=\"false\" />",
              "count": 1
            },
            {
              "xml": "<feature name=\"Device\"><param name=\"ios-package\" value=\"CDVDevice\" /></feature>",
              "count": 1
            },
            {
              "xml": "<feature name=\"File\"><param name=\"ios-package\" value=\"CDVFile\" /><param name=\"onload\" value=\"true\" /></feature>",
              "count": 1
            },
            {
              "xml": "<feature name=\"FileTransfer\"><param name=\"ios-package\" value=\"CDVFileTransfer\" /></feature>",
              "count": 1
            },
            {
              "xml": "<feature name=\"Geolocation\"><param name=\"ios-package\" value=\"CDVLocation\" /></feature>",
              "count": 1
            },
            {
              "xml": "<feature name=\"InAppBrowser\"><param name=\"ios-package\" value=\"CDVWKInAppBrowser\" /><param name=\"onload\" value=\"true\" /></feature>",
              "count": 1
            },
            {
              "xml": "<feature name=\"CDVIonicKeyboard\"><param name=\"ios-package\" onload=\"true\" value=\"CDVIonicKeyboard\" /></feature>",
              "count": 1
            },
            {
              "xml": "<feature name=\"Keyboard\"><param name=\"ios-package\" onload=\"true\" value=\"CDVKeyboard\" /></feature>",
              "count": 1
            },
            {
              "xml": "<feature name=\"QRScanner\"><param name=\"ios-package\" value=\"QRScanner\" /></feature>",
              "count": 1
            },
            {
              "xml": "<feature name=\"StatusBar\"><param name=\"ios-package\" value=\"CDVStatusBar\" /><param name=\"onload\" value=\"true\" /></feature>",
              "count": 1
            },
            {
              "xml": "<preference name=\"StatusBarOverlaysWebView\" value=\"true\" />",
              "count": 1
            },
            {
              "xml": "<preference name=\"StatusBarStyle\" value=\"lightcontent\" />",
              "count": 1
            },
            {
              "xml": "<feature name=\"CDVWKWebViewEngine\"><param name=\"ios-package\" value=\"CDVWKWebViewEngine\" /></feature>",
              "count": 1
            },
            {
              "xml": "<preference name=\"CordovaWebViewEngine\" value=\"CDVWKWebViewEngine\" />",
              "count": 1
            }
          ]
        }
      }
    }
  },
  "installed_plugins": {
    "cordova-custom-config": {
      "PACKAGE_NAME": "$(PRODUCT_BUNDLE_IDENTIFIER)"
    },
    "cordova-plugin-add-swift-support": {
      "PACKAGE_NAME": "$(PRODUCT_BUNDLE_IDENTIFIER)"
    },
    "cordova-plugin-camera": {
      "PACKAGE_NAME": "$(PRODUCT_BUNDLE_IDENTIFIER)"
    },
    "cordova-plugin-device": {
      "PACKAGE_NAME": "$(PRODUCT_BUNDLE_IDENTIFIER)"
    },
    "cordova-plugin-file": {
      "PACKAGE_NAME": "$(PRODUCT_BUNDLE_IDENTIFIER)"
    },
    "cordova-plugin-file-transfer": {
      "PACKAGE_NAME": "$(PRODUCT_BUNDLE_IDENTIFIER)"
    },
    "cordova-plugin-geolocation": {
      "GPS_REQUIRED": "true",
      "PACKAGE_NAME": "$(PRODUCT_BUNDLE_IDENTIFIER)"
    },
    "cordova-plugin-inappbrowser": {
      "PACKAGE_NAME": "$(PRODUCT_BUNDLE_IDENTIFIER)"
    },
    "cordova-plugin-ionic-keyboard": {
      "PACKAGE_NAME": "$(PRODUCT_BUNDLE_IDENTIFIER)"
    },
    "cordova-plugin-keyboard": {
      "PACKAGE_NAME": "$(PRODUCT_BUNDLE_IDENTIFIER)"
    },
    "cordova-plugin-qrscanner": {
      "PACKAGE_NAME": "$(PRODUCT_BUNDLE_IDENTIFIER)"
    },
    "cordova-plugin-splashscreen": {
      "PACKAGE_NAME": "$(PRODUCT_BUNDLE_IDENTIFIER)"
    },
    "cordova-plugin-statusbar": {
      "PACKAGE_NAME": "$(PRODUCT_BUNDLE_IDENTIFIER)"
    },
    "cordova-plugin-whitelist": {
      "PACKAGE_NAME": "$(PRODUCT_BUNDLE_IDENTIFIER)"
    },
    "cordova-plugin-wkwebview-engine": {
      "PACKAGE_NAME": "$(PRODUCT_BUNDLE_IDENTIFIER)"
    }
  },
  "dependent_plugins": {},
  "modules": [
    {
      "id": "cordova-plugin-camera.Camera",
      "file": "plugins/cordova-plugin-camera/www/CameraConstants.js",
      "pluginId": "cordova-plugin-camera",
      "clobbers": [
        "Camera"
      ]
    },
    {
      "id": "cordova-plugin-camera.CameraPopoverOptions",
      "file": "plugins/cordova-plugin-camera/www/CameraPopoverOptions.js",
      "pluginId": "cordova-plugin-camera",
      "clobbers": [
        "CameraPopoverOptions"
      ]
    },
    {
      "id": "cordova-plugin-camera.camera",
      "file": "plugins/cordova-plugin-camera/www/Camera.js",
      "pluginId": "cordova-plugin-camera",
      "clobbers": [
        "navigator.camera"
      ]
    },
    {
      "id": "cordova-plugin-camera.CameraPopoverHandle",
      "file": "plugins/cordova-plugin-camera/www/ios/CameraPopoverHandle.js",
      "pluginId": "cordova-plugin-camera",
      "clobbers": [
        "CameraPopoverHandle"
      ]
    },
    {
      "id": "cordova-plugin-device.device",
      "file": "plugins/cordova-plugin-device/www/device.js",
      "pluginId": "cordova-plugin-device",
      "clobbers": [
        "device"
      ]
    },
    {
      "id": "cordova-plugin-file.DirectoryEntry",
      "file": "plugins/cordova-plugin-file/www/DirectoryEntry.js",
      "pluginId": "cordova-plugin-file",
      "clobbers": [
        "window.DirectoryEntry"
      ]
    },
    {
      "id": "cordova-plugin-file.DirectoryReader",
      "file": "plugins/cordova-plugin-file/www/DirectoryReader.js",
      "pluginId": "cordova-plugin-file",
      "clobbers": [
        "window.DirectoryReader"
      ]
    },
    {
      "id": "cordova-plugin-file.Entry",
      "file": "plugins/cordova-plugin-file/www/Entry.js",
      "pluginId": "cordova-plugin-file",
      "clobbers": [
        "window.Entry"
      ]
    },
    {
      "id": "cordova-plugin-file.File",
      "file": "plugins/cordova-plugin-file/www/File.js",
      "pluginId": "cordova-plugin-file",
      "clobbers": [
        "window.File"
      ]
    },
    {
      "id": "cordova-plugin-file.FileEntry",
      "file": "plugins/cordova-plugin-file/www/FileEntry.js",
      "pluginId": "cordova-plugin-file",
      "clobbers": [
        "window.FileEntry"
      ]
    },
    {
      "id": "cordova-plugin-file.FileError",
      "file": "plugins/cordova-plugin-file/www/FileError.js",
      "pluginId": "cordova-plugin-file",
      "clobbers": [
        "window.FileError"
      ]
    },
    {
      "id": "cordova-plugin-file.FileReader",
      "file": "plugins/cordova-plugin-file/www/FileReader.js",
      "pluginId": "cordova-plugin-file",
      "clobbers": [
        "window.FileReader"
      ]
    },
    {
      "id": "cordova-plugin-file.FileSystem",
      "file": "plugins/cordova-plugin-file/www/FileSystem.js",
      "pluginId": "cordova-plugin-file",
      "clobbers": [
        "window.FileSystem"
      ]
    },
    {
      "id": "cordova-plugin-file.FileUploadOptions",
      "file": "plugins/cordova-plugin-file/www/FileUploadOptions.js",
      "pluginId": "cordova-plugin-file",
      "clobbers": [
        "window.FileUploadOptions"
      ]
    },
    {
      "id": "cordova-plugin-file.FileUploadResult",
      "file": "plugins/cordova-plugin-file/www/FileUploadResult.js",
      "pluginId": "cordova-plugin-file",
      "clobbers": [
        "window.FileUploadResult"
      ]
    },
    {
      "id": "cordova-plugin-file.FileWriter",
      "file": "plugins/cordova-plugin-file/www/FileWriter.js",
      "pluginId": "cordova-plugin-file",
      "clobbers": [
        "window.FileWriter"
      ]
    },
    {
      "id": "cordova-plugin-file.Flags",
      "file": "plugins/cordova-plugin-file/www/Flags.js",
      "pluginId": "cordova-plugin-file",
      "clobbers": [
        "window.Flags"
      ]
    },
    {
      "id": "cordova-plugin-file.LocalFileSystem",
      "file": "plugins/cordova-plugin-file/www/LocalFileSystem.js",
      "pluginId": "cordova-plugin-file",
      "clobbers": [
        "window.LocalFileSystem"
      ],
      "merges": [
        "window"
      ]
    },
    {
      "id": "cordova-plugin-file.Metadata",
      "file": "plugins/cordova-plugin-file/www/Metadata.js",
      "pluginId": "cordova-plugin-file",
      "clobbers": [
        "window.Metadata"
      ]
    },
    {
      "id": "cordova-plugin-file.ProgressEvent",
      "file": "plugins/cordova-plugin-file/www/ProgressEvent.js",
      "pluginId": "cordova-plugin-file",
      "clobbers": [
        "window.ProgressEvent"
      ]
    },
    {
      "id": "cordova-plugin-file.fileSystems",
      "file": "plugins/cordova-plugin-file/www/fileSystems.js",
      "pluginId": "cordova-plugin-file"
    },
    {
      "id": "cordova-plugin-file.requestFileSystem",
      "file": "plugins/cordova-plugin-file/www/requestFileSystem.js",
      "pluginId": "cordova-plugin-file",
      "clobbers": [
        "window.requestFileSystem"
      ]
    },
    {
      "id": "cordova-plugin-file.resolveLocalFileSystemURI",
      "file": "plugins/cordova-plugin-file/www/resolveLocalFileSystemURI.js",
      "pluginId": "cordova-plugin-file",
      "merges": [
        "window"
      ]
    },
    {
      "id": "cordova-plugin-file.isChrome",
      "file": "plugins/cordova-plugin-file/www/browser/isChrome.js",
      "pluginId": "cordova-plugin-file",
      "runs": true
    },
    {
      "id": "cordova-plugin-file.iosFileSystem",
      "file": "plugins/cordova-plugin-file/www/ios/FileSystem.js",
      "pluginId": "cordova-plugin-file",
      "merges": [
        "FileSystem"
      ]
    },
    {
      "id": "cordova-plugin-file.fileSystems-roots",
      "file": "plugins/cordova-plugin-file/www/fileSystems-roots.js",
      "pluginId": "cordova-plugin-file",
      "runs": true
    },
    {
      "id": "cordova-plugin-file.fileSystemPaths",
      "file": "plugins/cordova-plugin-file/www/fileSystemPaths.js",
      "pluginId": "cordova-plugin-file",
      "merges": [
        "cordova"
      ],
      "runs": true
    },
    {
      "id": "cordova-plugin-file-transfer.FileTransferError",
      "file": "plugins/cordova-plugin-file-transfer/www/FileTransferError.js",
      "pluginId": "cordova-plugin-file-transfer",
      "clobbers": [
        "window.FileTransferError"
      ]
    },
    {
      "id": "cordova-plugin-file-transfer.FileTransfer",
      "file": "plugins/cordova-plugin-file-transfer/www/FileTransfer.js",
      "pluginId": "cordova-plugin-file-transfer",
      "clobbers": [
        "window.FileTransfer"
      ]
    },
    {
      "id": "cordova-plugin-geolocation.Coordinates",
      "file": "plugins/cordova-plugin-geolocation/www/Coordinates.js",
      "pluginId": "cordova-plugin-geolocation",
      "clobbers": [
        "Coordinates"
      ]
    },
    {
      "id": "cordova-plugin-geolocation.PositionError",
      "file": "plugins/cordova-plugin-geolocation/www/PositionError.js",
      "pluginId": "cordova-plugin-geolocation",
      "clobbers": [
        "PositionError"
      ]
    },
    {
      "id": "cordova-plugin-geolocation.Position",
      "file": "plugins/cordova-plugin-geolocation/www/Position.js",
      "pluginId": "cordova-plugin-geolocation",
      "clobbers": [
        "Position"
      ]
    },
    {
      "id": "cordova-plugin-geolocation.geolocation",
      "file": "plugins/cordova-plugin-geolocation/www/geolocation.js",
      "pluginId": "cordova-plugin-geolocation",
      "clobbers": [
        "navigator.geolocation"
      ]
    },
    {
      "id": "cordova-plugin-inappbrowser.inappbrowser",
      "file": "plugins/cordova-plugin-inappbrowser/www/inappbrowser.js",
      "pluginId": "cordova-plugin-inappbrowser",
      "clobbers": [
        "cordova.InAppBrowser.open"
      ]
    },
    {
      "id": "cordova-plugin-ionic-keyboard.keyboard",
      "file": "plugins/cordova-plugin-ionic-keyboard/www/ios/keyboard.js",
      "pluginId": "cordova-plugin-ionic-keyboard",
      "clobbers": [
        "window.Keyboard"
      ]
    },
    {
      "id": "cordova-plugin-keyboard.keyboard",
      "file": "plugins/cordova-plugin-keyboard/www/keyboard.js",
      "pluginId": "cordova-plugin-keyboard",
      "clobbers": [
        "window.Keyboard"
      ]
    },
    {
      "id": "cordova-plugin-qrscanner.QRScanner",
      "file": "plugins/cordova-plugin-qrscanner/www/www.min.js",
      "pluginId": "cordova-plugin-qrscanner",
      "clobbers": [
        "QRScanner"
      ]
    },
    {
      "id": "cordova-plugin-statusbar.statusbar",
      "file": "plugins/cordova-plugin-statusbar/www/statusbar.js",
      "pluginId": "cordova-plugin-statusbar",
      "clobbers": [
        "window.StatusBar"
      ]
    },
    {
      "id": "cordova-plugin-wkwebview-engine.ios-wkwebview-exec",
      "file": "plugins/cordova-plugin-wkwebview-engine/src/www/ios/ios-wkwebview-exec.js",
      "pluginId": "cordova-plugin-wkwebview-engine",
      "clobbers": [
        "cordova.exec"
      ]
    },
    {
      "id": "cordova-plugin-wkwebview-engine.ios-wkwebview",
      "file": "plugins/cordova-plugin-wkwebview-engine/src/www/ios/ios-wkwebview.js",
      "pluginId": "cordova-plugin-wkwebview-engine",
      "clobbers": [
        "window.WkWebView"
      ]
    }
  ],
  "plugin_metadata": {
    "cordova-custom-config": "5.1.1",
    "cordova-plugin-add-swift-support": "2.0.2",
    "cordova-plugin-camera": "4.1.0",
    "cordova-plugin-device": "2.1.0",
    "cordova-plugin-file": "6.0.2",
    "cordova-plugin-file-transfer": "1.7.1",
    "cordova-plugin-geolocation": "4.1.0",
    "cordova-plugin-inappbrowser": "4.1.0",
    "cordova-plugin-ionic-keyboard": "2.2.0",
    "cordova-plugin-keyboard": "1.2.0",
    "cordova-plugin-qrscanner": "3.0.1",
    "cordova-plugin-splashscreen": "6.0.2",
    "cordova-plugin-statusbar": "3.0.0",
    "cordova-plugin-whitelist": "1.3.5",
    "cordova-plugin-wkwebview-engine": "1.2.2"
  }
}
